item_id,source,migration_status,scene_types,prediction_available,lessons,levels,medium_primary_question_locations
coding.after-line-two,content/curriculum/items/code-after-line-two.lumi,restore playback,maze,true,coding-one-step-at-a-time,easy; hard; medium,coding-one-step-at-a-time#q2; coding-one-step-at-a-time#q3
coding.bug-bump-line,content/curriculum/items/code-g4-bug-bump-line.lumi,restore playback,maze,true,coding-debugging-puzzles,easy; hard; medium,coding-debugging-puzzles#q2
coding.bug-count-fix,content/curriculum/items/code-g4-bug-count-fix.lumi,restore playback,turtle,true,coding-debugging-puzzles,easy; hard; medium,coding-debugging-puzzles#q5
coding.bug-dance-missing,content/curriculum/items/code-g4-bug-dance-missing.lumi,restore playback,dance,false,coding-debugging-puzzles,easy; hard; medium,coding-debugging-puzzles#q3
coding.bug-direction,content/curriculum/items/code-bug-direction.lumi,restore playback,turtle,true,coding-debugging-puzzles,easy; hard; medium,coding-debugging-puzzles#q9
coding.bug-hidden,content/curriculum/items/code-g1-bug-hidden.lumi,restore playback,maze,true,coding-one-card-is-wrong,easy; hard; medium,coding-one-card-is-wrong#q9
coding.bug-inside,content/curriculum/items/code-g4-bug-inside.lumi,extend existing build UI,turtle,false,coding-debugging-puzzles,easy; hard; medium,coding-debugging-puzzles#q8
coding.bug-nested-square,content/curriculum/items/code-g4-bug-nested-square.lumi,restore playback,turtle,true,coding-debugging-puzzles,easy; hard; medium,coding-debugging-puzzles#q4
coding.bug-repeat,content/curriculum/items/code-bug-repeat.lumi,static in prototype; no interaction to port,,false,coding-debugging-puzzles,easy; hard; medium,coding-debugging-puzzles#q1
coding.bug-sides,content/curriculum/items/code-bug-sides.lumi,restore playback,turtle,true,coding-finding-the-mistake,easy; hard; medium,coding-finding-the-mistake#q6
coding.bug-which-input,content/curriculum/items/code-g4-bug-which-input.lumi,restore playback,fork,false,coding-debugging-puzzles,easy; hard; medium,coding-debugging-puzzles#q7
coding.bug-wrong-turn,content/curriculum/items/code-g4-bug-wrong-turn.lumi,restore playback,turtle,true,coding-debugging-puzzles,easy; hard; medium,coding-debugging-puzzles#q6
coding.build-arrows,content/curriculum/items/code-build-arrows.lumi,extend existing build UI,maze,false,coding-arrows-to-the-gem,easy; hard; medium,coding-arrows-to-the-gem#q7; coding-arrows-to-the-gem#q8
coding.build-face-away,content/curriculum/items/code-g2-build-face-away.lumi,extend existing build UI,maze,false,coding-turning-as-well,easy; hard; medium,coding-turning-as-well#q10
coding.build-for-someone,content/curriculum/items/code-build-for-someone.lumi,extend existing build UI,turtle,false,coding-writing-for-someone-else,easy; hard; medium,coding-writing-for-someone-else#q8
coding.build-rectangle,content/curriculum/items/code-build-rectangle.lumi,extend existing build UI,turtle,false,coding-square-rectangle-staircase,easy; hard; medium,coding-square-rectangle-staircase#q8
coding.build-repeat,content/curriculum/items/code-build-repeat.lumi,extend existing build UI,maze,false,coding-doing-it-again,easy; hard; medium,coding-doing-it-again#q8
coding.build-shorter,content/curriculum/items/code-g2-build-shorter.lumi,extend existing build UI,maze,false,coding-finding-the-mistake,easy; hard; medium,coding-finding-the-mistake#q10
coding.build-square,content/curriculum/items/code-build-square.lumi,extend existing build UI,turtle,false,coding-drawing-with-a-program,easy; hard; medium,coding-drawing-with-a-program#q8
coding.build-steps-then,content/curriculum/items/code-g2-build-steps-then.lumi,extend existing build UI,maze,false,coding-doing-it-again,easy; hard; medium,coding-doing-it-again#q10
coding.build-turns,content/curriculum/items/code-build-turns.lumi,extend existing build UI,maze,false,coding-turning-as-well,easy; hard; medium,coding-turning-as-well#q8
coding.build-until,content/curriculum/items/code-build-until.lumi,extend existing build UI,maze,false,coding-keep-going-until,easy; hard; medium,coding-keep-going-until#q8
coding.build-wall-follower,content/curriculum/items/code-g3-build-wall-follower.lumi,extend existing build UI,maze,false,coding-feeling-for-walls,easy; hard; medium,coding-feeling-for-walls#q10
coding.bump-card,content/curriculum/items/code-g1-bump-card.lumi,restore playback,maze,true,coding-one-card-is-wrong,easy; hard; medium,coding-one-card-is-wrong#q1; coding-one-card-is-wrong#q2
coding.bump-which-block,content/curriculum/items/code-g2-bump-which-block.lumi,restore playback,maze,true,coding-finding-the-mistake,easy; hard; medium,coding-finding-the-mistake#q1; coding-finding-the-mistake#q2
coding.cards-for-ada,content/curriculum/items/code-g4-cards-for-ada.lumi,extend existing build UI,turtle,false,coding-writing-for-someone-else,easy; hard; medium,coding-writing-for-someone-else#q1; coding-writing-for-someone-else#q2
coding.clap-count,content/curriculum/items/code-g3-clap-count.lumi,static in prototype; no interaction to port,,false,coding-a-program-that-decides,easy; hard; medium,coding-a-program-that-decides#q7
coding.clockwork-towers,content/curriculum/items/code-clockwork-towers.lumi,static in prototype; no interaction to port,,false,coding-a-block-with-a-number,easy; hard; medium,coding-a-block-with-a-number#q8
coding.cups-cross-count,content/curriculum/items/code-g3-cups-cross-count.lumi,restore hands-on controls,cups,false,coding-fewest-lifts,easy; hard; medium,coding-fewest-lifts#q3; coding-fewest-lifts#q4
coding.cups-half,content/curriculum/items/code-cups-half.lumi,restore hands-on controls,cups,false,coding-fewest-lifts,easy; hard; medium,coding-fewest-lifts#q1; coding-fewest-lifts#q2
coding.cups-lifts,content/curriculum/items/code-cups-lifts.lumi,restore hands-on controls,cups,false,coding-fewest-lifts,easy; hard; medium,coding-fewest-lifts#q5; coding-fewest-lifts#q6
coding.cups-next,content/curriculum/items/code-g3-cups-next.lumi,restore hands-on controls,cups,false,coding-fewest-lifts,easy; hard; medium,coding-fewest-lifts#q7; coding-fewest-lifts#q8
coding.dance-all-ways,content/curriculum/items/code-g2-dance-all-ways.lumi,static in prototype; no interaction to port,,false,coding-a-dance-in-a-loop,easy; hard; medium,coding-a-dance-in-a-loop#q10
coding.dance-claps-blocks,content/curriculum/items/code-g2-dance-claps-blocks.lumi,static in prototype; no interaction to port,,false,coding-a-dance-in-a-loop,easy; hard; medium,coding-a-dance-in-a-loop#q3; coding-a-dance-in-a-loop#q4
coding.dance-count,content/curriculum/items/code-dance-count.lumi,restore playback,dance,false,coding-a-dance-in-a-loop,easy; hard; medium,coding-a-dance-in-a-loop#q1
coding.dance-frame-of,content/curriculum/items/code-g2-dance-frame-of.lumi,static in prototype; no interaction to port,,false,coding-a-dance-in-a-loop,easy; hard; medium,coding-a-dance-in-a-loop#q5; coding-a-dance-in-a-loop#q6
coding.dance-missing,content/curriculum/items/code-dance-missing.lumi,restore playback,dance,false,coding-a-dance-in-a-loop,easy; hard; medium,coding-a-dance-in-a-loop#q2
coding.dance-order,content/curriculum/items/code-g1-dance-order.lumi,restore playback,dance,false,coding-saying-it-in-order,easy; hard; medium,coding-saying-it-in-order#q3; coding-saying-it-in-order#q6
coding.dance-repeat-count,content/curriculum/items/code-g2-dance-repeat-count.lumi,static in prototype; no interaction to port,,false,coding-a-dance-in-a-loop,easy; hard; medium,coding-a-dance-in-a-loop#q7; coding-a-dance-in-a-loop#q8
coding.dance-which-program,content/curriculum/items/code-g2-dance-which-program.lumi,restore playback,dance,false,coding-a-dance-in-a-loop,easy; hard; medium,coding-a-dance-in-a-loop#q9
coding.decision,content/curriculum/items/code-decision.lumi,restore playback,fork,false,coding-a-program-that-decides,easy; hard; medium,coding-a-program-that-decides#q2
coding.decision-count,content/curriculum/items/code-decision-count.lumi,static in prototype; no interaction to port,,false,coding-a-program-that-decides,easy; hard; medium,coding-a-program-that-decides#q8
coding.decision-threshold,content/curriculum/items/code-g3-decision-threshold.lumi,static in prototype; no interaction to port,,false,coding-a-program-that-decides,easy; hard; medium,coding-a-program-that-decides#q3; coding-a-program-that-decides#q5
coding.define-change,content/curriculum/items/code-g4-define-change.lumi,static in prototype; no interaction to port,,false,coding-a-block-of-your-own,easy; hard; medium,coding-a-block-of-your-own#q9
coding.define-count,content/curriculum/items/code-define-count.lumi,static in prototype; no interaction to port,,false,coding-a-block-of-your-own,easy; hard; medium,coding-a-block-of-your-own#q1
coding.define-reach,content/curriculum/items/code-g4-define-reach.lumi,static in prototype; no interaction to port,,false,coding-a-block-of-your-own,easy; hard; medium,coding-a-block-of-your-own#q6; coding-a-block-of-your-own#q7
coding.define-repeat,content/curriculum/items/code-g4-define-repeat.lumi,static in prototype; no interaction to port,,false,coding-a-block-of-your-own,easy; hard; medium,coding-a-block-of-your-own#q2; coding-a-block-of-your-own#q3
coding.define-ways,content/curriculum/items/code-g4-define-ways.lumi,static in prototype; no interaction to port,,false,coding-a-block-of-your-own,easy; hard; medium,coding-a-block-of-your-own#q10
coding.define-where,content/curriculum/items/code-define-where.lumi,restore playback,maze,true,coding-a-block-of-your-own,easy; hard; medium,coding-a-block-of-your-own#q8
coding.define-written-out,content/curriculum/items/code-g4-define-written-out.lumi,static in prototype; no interaction to port,,false,coding-a-block-of-your-own,easy; hard; medium,coding-a-block-of-your-own#q4; coding-a-block-of-your-own#q5
coding.draws-what,content/curriculum/items/code-draws-what.lumi,restore playback,turtle,true,coding-drawing-with-a-program,easy; hard; medium,coding-drawing-with-a-program#q1
coding.exactly-lifts,content/curriculum/items/code-g3-exactly-lifts.lumi,restore hands-on controls,cups,false,coding-fewest-lifts,easy; hard; medium,coding-fewest-lifts#q10
coding.fewest-blocks,content/curriculum/items/code-g1-fewest-blocks.lumi,extend existing build UI,maze,false,coding-following-instructions,easy; hard; medium,coding-following-instructions#q10
coding.fewest-both,content/curriculum/items/code-g1-fewest-both.lumi,extend existing build UI,maze,false,coding-arrows-to-the-gem,easy; hard; medium,coding-arrows-to-the-gem#q10
coding.fewest-rounds,content/curriculum/items/code-g3-fewest-rounds.lumi,static in prototype; no interaction to port,,false,coding-feeling-for-walls,easy; hard; medium,coding-feeling-for-walls#q9
coding.fill-the-flash,content/curriculum/items/code-fill-the-flash.lumi,static in prototype; no interaction to port,,false,coding-a-message-in-flashes,easy; hard; medium,coding-a-message-in-flashes#q6
coding.find-both-numbers,content/curriculum/items/code-g3-find-both-numbers.lumi,static in prototype; no interaction to port,,false,coding-a-program-that-decides,easy; hard; medium,coding-a-program-that-decides#q10
coding.find-the-bug,content/curriculum/items/code-find-the-bug.lumi,restore playback,turtle,true,coding-finding-the-mistake,easy; hard; medium,coding-finding-the-mistake#q0; coding-finding-the-mistake#q3
coding.first-arrow,content/curriculum/items/code-g1-first-arrow.lumi,static in prototype; no interaction to port,,false,coding-arrows-to-the-gem,easy; hard; medium,coding-arrows-to-the-gem#q1; coding-arrows-to-the-gem#q2
coding.fix-number,content/curriculum/items/code-g1-fix-number.lumi,restore playback,maze,true,coding-one-card-is-wrong,easy; hard; medium,coding-one-card-is-wrong#q7; coding-one-card-is-wrong#q8
coding.flash-count,content/curriculum/items/code-flash-count.lumi,static in prototype; no interaction to port,,false,coding-a-message-in-flashes,easy; hard; medium,coding-a-message-in-flashes#q1
coding.flash-spells,content/curriculum/items/code-flash-spells.lumi,static in prototype; no interaction to port,,false,coding-a-message-in-flashes,easy; hard; medium,coding-a-message-in-flashes#q2; coding-a-message-in-flashes#q3
coding.forever-all-night,content/curriculum/items/code-forever-all-night.lumi,static in prototype; no interaction to port,,false,coding-a-pattern-that-never-ends,easy; hard; medium,coding-a-pattern-that-never-ends#q9
coding.forever-fewest-lines,content/curriculum/items/code-forever-fewest-lines.lumi,restore playback,pixels,false,coding-a-pattern-that-never-ends,easy; hard; medium,coding-a-pattern-that-never-ends#q10
coding.forever-how-many,content/curriculum/items/code-forever-how-many.lumi,static in prototype; no interaction to port,,false,coding-a-pattern-that-never-ends,easy; hard; medium,coding-a-pattern-that-never-ends#q4; coding-a-pattern-that-never-ends#q5
coding.forever-lamp-night,content/curriculum/items/code-forever-lamp-night.lumi,static in prototype; no interaction to port,,false,coding-a-pattern-that-never-ends,easy; hard; medium,coding-a-pattern-that-never-ends#q8
coding.forever-light-at-step,content/curriculum/items/code-forever-light-at-step.lumi,static in prototype; no interaction to port,,false,coding-a-pattern-that-never-ends,easy; hard; medium,coding-a-pattern-that-never-ends#q2; coding-a-pattern-that-never-ends#q3
coding.forever-next-light,content/curriculum/items/code-forever-next-light.lumi,restore playback,pixels,false,coding-a-pattern-that-never-ends,easy; hard; medium,coding-a-pattern-that-never-ends#q1
coding.forever-which-program,content/curriculum/items/code-forever-which-program.lumi,restore playback,pixels,false,coding-a-pattern-that-never-ends,easy; hard; medium,coding-a-pattern-that-never-ends#q6; coding-a-pattern-that-never-ends#q7
coding.fork-way,content/curriculum/items/code-g3-fork-way.lumi,restore playback,fork,false,coding-a-program-that-decides,easy; hard; medium,coding-a-program-that-decides#q1
coding.furthest-right,content/curriculum/items/code-g1-furthest-right.lumi,restore playback,stage,false,coding-one-step-at-a-time,easy; hard; medium,coding-one-step-at-a-time#q9
coding.gem-first,content/curriculum/items/code-g1-gem-first.lumi,static in prototype; no interaction to port,,false,coding-arrows-to-the-gem,easy; hard; medium,coding-arrows-to-the-gem#q9
coding.gems-picked,content/curriculum/items/code-g1-gems-picked.lumi,restore playback,maze,true,coding-arrows-to-the-gem,easy; hard; medium,coding-arrows-to-the-gem#q3; coding-arrows-to-the-gem#q4
coding.hundred-start,content/curriculum/items/code-g1-hundred-start.lumi,static in prototype; no interaction to port,,false,coding-following-instructions,easy; hard; medium,coding-following-instructions#q9
coding.hundred-steps,content/curriculum/items/code-g1-hundred-steps.lumi,static in prototype; no interaction to port,,false,coding-following-instructions,easy; hard; medium,coding-following-instructions#q5; coding-following-instructions#q6
coding.if-turns,content/curriculum/items/code-if-turns.lumi,restore playback,maze,true,coding-feeling-for-walls,easy; hard; medium,coding-feeling-for-walls#q5
coding.lamp-flashed-twice,content/curriculum/items/code-lamp-flashed-twice.lumi,static in prototype; no interaction to port,,false,coding-a-message-in-flashes,easy; hard; medium,coding-a-message-in-flashes#q7
coding.lamprocks-sandwich-steps,content/curriculum/items/code-lamprocks-sandwich-steps.lumi,static in prototype; no interaction to port,,false,coding-instructions-for-a-snack,easy; hard; medium,coding-instructions-for-a-snack#q8
coding.lamps-bigger,content/curriculum/items/code-g2-lamps-bigger.lumi,restore hands-on controls,lamps,false,coding-lamps-that-count,easy; hard; medium,coding-lamps-that-count#q8
coding.lamps-biggest,content/curriculum/items/code-lamps-biggest.lumi,restore hands-on controls,lamps,false,coding-lamps-that-count,easy; hard; medium,coding-lamps-that-count#q3
coding.lamps-exactly-two,content/curriculum/items/code-g2-lamps-exactly-two.lumi,restore hands-on controls,lamps,false,coding-lamps-that-count,easy; hard; medium,coding-lamps-that-count#q10
coding.lamps-how-many-lit,content/curriculum/items/code-g2-lamps-how-many-lit.lumi,restore hands-on controls,lamps,false,coding-lamps-that-count,easy; hard; medium,coding-lamps-that-count#q4; coding-lamps-that-count#q5
coding.lamps-read,content/curriculum/items/code-lamps-read.lumi,restore hands-on controls,lamps,false,coding-lamps-that-count,easy; hard; medium,coding-lamps-that-count#q1; coding-lamps-that-count#q2
coding.lamps-shift,content/curriculum/items/code-g2-lamps-shift.lumi,restore hands-on controls,lamps,false,coding-lamps-that-count,easy; hard; medium,coding-lamps-that-count#q9
coding.lamps-switch-off,content/curriculum/items/code-g2-lamps-switch-off.lumi,restore hands-on controls,lamps,false,coding-lamps-that-count,easy; hard; medium,coding-lamps-that-count#q6; coding-lamps-that-count#q7
coding.line-total,content/curriculum/items/code-line-total.lumi,restore playback,maze,true,coding-one-step-at-a-time,easy; hard; medium,coding-one-step-at-a-time#q1
coding.missing-side,content/curriculum/items/code-g3-missing-side.lumi,static in prototype; no interaction to port,,false,coding-square-rectangle-staircase,easy; hard; medium,coding-square-rectangle-staircase#q6; coding-square-rectangle-staircase#q7
coding.nested-back,content/curriculum/items/code-g4-nested-back.lumi,restore playback,turtle,true,coding-a-repeat-inside-a-repeat,easy; hard; medium,coding-a-repeat-inside-a-repeat#q6; coding-a-repeat-inside-a-repeat#q7
coding.nested-choose,content/curriculum/items/code-g4-nested-choose.lumi,static in prototype; no interaction to port,,false,coding-a-repeat-inside-a-repeat,easy; hard; medium,coding-a-repeat-inside-a-repeat#q4; coding-a-repeat-inside-a-repeat#q5
coding.nested-compare,content/curriculum/items/code-g4-nested-compare.lumi,static in prototype; no interaction to port,,false,coding-a-repeat-inside-a-repeat,easy; hard; medium,coding-a-repeat-inside-a-repeat#q9
coding.nested-dance,content/curriculum/items/code-g4-nested-dance.lumi,static in prototype; no interaction to port,,false,coding-a-repeat-inside-a-repeat,easy; hard; medium,coding-a-repeat-inside-a-repeat#q2; coding-a-repeat-inside-a-repeat#q3
coding.nested-repeat,content/curriculum/items/code-nested-repeat.lumi,static in prototype; no interaction to port,,false,coding-a-repeat-inside-a-repeat,easy; hard; medium,coding-a-repeat-inside-a-repeat#q1
coding.nested-turtle,content/curriculum/items/code-nested-turtle.lumi,restore playback,turtle,true,coding-a-repeat-inside-a-repeat,easy; hard; medium,coding-a-repeat-inside-a-repeat#q8
coding.nested-ways,content/curriculum/items/code-g4-nested-ways.lumi,static in prototype; no interaction to port,,false,coding-a-repeat-inside-a-repeat,easy; hard; medium,coding-a-repeat-inside-a-repeat#q10
coding.net-bridge,content/curriculum/items/code-net-bridge.lumi,restore hands-on controls,sortnet,false,coding-a-sorting-network,easy; hard; medium,coding-a-sorting-network#q1
coding.net-design,content/curriculum/items/code-g4-net-design.lumi,restore hands-on controls,sortnet,false,coding-a-sorting-network,easy; hard; medium,coding-a-sorting-network#q10
coding.net-first-two,content/curriculum/items/code-g4-net-first-two.lumi,restore hands-on controls,sortnet,false,coding-a-sorting-network,easy; hard; medium,coding-a-sorting-network#q2; coding-a-sorting-network#q3
coding.net-not-sorted,content/curriculum/items/code-g4-net-not-sorted.lumi,restore hands-on controls,sortnet,false,coding-a-sorting-network,easy; hard; medium,coding-a-sorting-network#q6; coding-a-sorting-network#q7; coding-a-sorting-network#q8
coding.net-out,content/curriculum/items/code-net-out.lumi,restore hands-on controls,sortnet,false,coding-a-sorting-network,easy; hard; medium,coding-a-sorting-network#q4; coding-a-sorting-network#q5
coding.net-sorted-or-not,content/curriculum/items/code-g4-net-sorted-or-not.lumi,restore hands-on controls,sortnet,false,coding-a-sorting-network,easy; hard; medium,coding-a-sorting-network#q9
coding.new-pattern,content/curriculum/items/code-new-pattern.lumi,static in prototype; no interaction to port,,false,coding-a-message-in-flashes,easy; hard; medium,coding-a-message-in-flashes#q10
coding.number-line-robot,content/curriculum/items/code-g1-number-line-robot.lumi,static in prototype; no interaction to port,,false,coding-following-instructions,easy; hard; medium,coding-following-instructions#q1; coding-following-instructions#q2
coding.number-to-flag,content/curriculum/items/code-g1-number-to-flag.lumi,restore playback,maze,true,coding-following-instructions,easy; hard; medium,coding-following-instructions#q7
coding.one-gem-most,content/curriculum/items/code-g1-one-gem-most.lumi,restore playback,maze,true,coding-one-step-at-a-time,easy; hard; medium,coding-one-step-at-a-time#q8
coding.one-number-wrong,content/curriculum/items/code-g4-one-number-wrong.lumi,restore playback,turtle,true,coding-writing-for-someone-else,easy; hard; medium,coding-writing-for-someone-else#q5; coding-writing-for-someone-else#q6
coding.opposite-sides-bug,content/curriculum/items/code-g2-opposite-sides-bug.lumi,restore playback,turtle,true,coding-finding-the-mistake,easy; hard; medium,coding-finding-the-mistake#q9
coding.order-cards,content/curriculum/items/code-order-cards.lumi,extend existing build UI,maze,false,coding-saying-it-in-order,easy; hard; medium,coding-saying-it-in-order#q4; coding-saying-it-in-order#q5
coding.order-cards-gem,content/curriculum/items/code-g1-order-cards-gem.lumi,extend existing build UI,maze,false,coding-saying-it-in-order,easy; hard; medium,coding-saying-it-in-order#q7; coding-saying-it-in-order#q8
coding.order-morning,content/curriculum/items/code-order-morning.lumi,static in prototype; no interaction to port,,false,coding-saying-it-in-order,easy; hard; medium,coding-saying-it-in-order#q1
coding.order-toast,content/curriculum/items/code-order-toast.lumi,static in prototype; no interaction to port,,false,coding-saying-it-in-order,easy; hard; medium,coding-saying-it-in-order#q2
coding.orders-count,content/curriculum/items/code-g1-orders-count.lumi,static in prototype; no interaction to port,,false,coding-saying-it-in-order,easy; hard; medium,coding-saying-it-in-order#q10
coding.orders-one-pass,content/curriculum/items/code-g3-orders-one-pass.lumi,restore hands-on controls,sortcards,false,coding-sorting-cards,easy; hard; medium,coding-sorting-cards#q10
coding.param-bigger-square,content/curriculum/items/code-param-bigger-square.lumi,static in prototype; no interaction to port,,false,coding-a-block-with-a-number,easy; hard; medium,coding-a-block-with-a-number#q2; coding-a-block-with-a-number#q3
coding.param-fewest-stairs,content/curriculum/items/code-param-fewest-stairs.lumi,restore playback,turtle,true,coding-a-block-with-a-number,easy; hard; medium,coding-a-block-with-a-number#q10
coding.param-fill-number,content/curriculum/items/code-param-fill-number.lumi,static in prototype; no interaction to port,,false,coding-a-block-with-a-number,easy; hard; medium,coding-a-block-with-a-number#q4
coding.param-hop-does,content/curriculum/items/code-param-hop-does.lumi,static in prototype; no interaction to port,,false,coding-a-block-with-a-number,easy; hard; medium,coding-a-block-with-a-number#q1
coding.param-perimeter,content/curriculum/items/code-param-perimeter.lumi,static in prototype; no interaction to port,,false,coding-a-block-with-a-number,easy; hard; medium,coding-a-block-with-a-number#q6; coding-a-block-with-a-number#q7
coding.param-trace-two,content/curriculum/items/code-param-trace-two.lumi,static in prototype; no interaction to port,,false,coding-a-block-with-a-number,easy; hard; medium,coding-a-block-with-a-number#q5
coding.param-which-uses,content/curriculum/items/code-param-which-uses.lumi,static in prototype; no interaction to port,,false,coding-a-block-with-a-number,easy; hard; medium,coding-a-block-with-a-number#q9
coding.pass-before,content/curriculum/items/code-g3-pass-before.lumi,restore hands-on controls,sortcards,false,coding-sorting-cards,easy; hard; medium,coding-sorting-cards#q9
coding.passes-needed,content/curriculum/items/code-g3-passes-needed.lumi,restore hands-on controls,sortcards,false,coding-sorting-cards,easy; hard; medium,coding-sorting-cards#q5; coding-sorting-cards#q6
coding.perimeter-repeat,content/curriculum/items/code-g3-perimeter-repeat.lumi,static in prototype; no interaction to port,,false,coding-square-rectangle-staircase,easy; hard; medium,coding-square-rectangle-staircase#q4; coding-square-rectangle-staircase#q5
coding.pixel-count,content/curriculum/items/code-pixel-count.lumi,restore playback,pixels,false,coding-colour-by-code,easy; hard; medium,coding-colour-by-code#q3; coding-colour-by-code#q4
coding.pixel-fewest-lines,content/curriculum/items/code-g3-pixel-fewest-lines.lumi,restore playback,pixels,false,coding-a-picture-with-a-repeat,easy; hard; medium,coding-a-picture-with-a-repeat#q10
coding.pixel-missing-number,content/curriculum/items/code-g1-pixel-missing-number.lumi,restore playback,pixels,false,coding-colour-by-code,easy; hard; medium,coding-colour-by-code#q1
coding.pixel-most-red,content/curriculum/items/code-g1-pixel-most-red.lumi,restore playback,pixels,false,coding-colour-by-code,easy; hard; medium,coding-colour-by-code#q7; coding-colour-by-code#q8
coding.pixel-repeat,content/curriculum/items/code-pixel-repeat.lumi,restore playback,pixels,false,coding-a-picture-with-a-repeat,easy; hard; medium,coding-a-picture-with-a-repeat#q2; coding-a-picture-with-a-repeat#q3
coding.pixel-repeat-count,content/curriculum/items/code-g3-pixel-repeat-count.lumi,static in prototype; no interaction to port,,false,coding-a-picture-with-a-repeat,easy; hard; medium,coding-a-picture-with-a-repeat#q6; coding-a-picture-with-a-repeat#q7
coding.pixel-row,content/curriculum/items/code-pixel-row.lumi,restore playback,pixels,false,coding-colour-by-code,easy; hard; medium,coding-colour-by-code#q2
coding.pixel-row-colour,content/curriculum/items/code-g3-pixel-row-colour.lumi,restore playback,pixels,false,coding-a-picture-with-a-repeat,easy; hard; medium,coding-a-picture-with-a-repeat#q8
coding.pixel-rows,content/curriculum/items/code-pixel-rows.lumi,restore playback,pixels,false,coding-a-picture-with-a-repeat,easy; hard; medium,coding-a-picture-with-a-repeat#q4
coding.pixel-smallest-repeat,content/curriculum/items/code-g3-pixel-smallest-repeat.lumi,restore playback,pixels,false,coding-a-picture-with-a-repeat,easy; hard; medium,coding-a-picture-with-a-repeat#q9
coding.pixel-spoilt-row,content/curriculum/items/code-g1-pixel-spoilt-row.lumi,restore playback,pixels,false,coding-colour-by-code,easy; hard; medium,coding-colour-by-code#q9
coding.pixel-trunk-row,content/curriculum/items/code-g3-pixel-trunk-row.lumi,restore playback,pixels,false,coding-a-picture-with-a-repeat,easy; hard; medium,coding-a-picture-with-a-repeat#q5
coding.pixel-ways,content/curriculum/items/code-g1-pixel-ways.lumi,restore playback,pixels,false,coding-colour-by-code,easy; hard; medium,coding-colour-by-code#q10
coding.pixel-white,content/curriculum/items/code-g1-pixel-white.lumi,restore playback,pixels,false,coding-colour-by-code,easy; hard; medium,coding-colour-by-code#q5; coding-colour-by-code#q6
coding.read-someone-else,content/curriculum/items/code-read-someone-else.lumi,restore playback,maze,true,coding-reading-someone-elses,easy; hard; medium,coding-reading-someone-elses#q2; coding-reading-someone-elses#q3
coding.rectangle-bug,content/curriculum/items/code-g3-rectangle-bug.lumi,restore playback,turtle,true,coding-square-rectangle-staircase,easy; hard; medium,coding-square-rectangle-staircase#q9
coding.rectangle-in-five,content/curriculum/items/code-g2-rectangle-in-five.lumi,extend existing build UI,turtle,false,coding-drawing-with-a-program,easy; hard; medium,coding-drawing-with-a-program#q10
coding.rectangles-count,content/curriculum/items/code-g3-rectangles-count.lumi,static in prototype; no interaction to port,,false,coding-square-rectangle-staircase,easy; hard; medium,coding-square-rectangle-staircase#q10
coding.refactor-fewest,content/curriculum/items/code-g4-refactor.lumi,extend existing build UI,turtle,false,coding-debugging-puzzles,easy; hard; medium,coding-debugging-puzzles#q10
coding.repeat-after-round,content/curriculum/items/code-g3-repeat-after-round.lumi,restore playback,maze,true,coding-repeat-with-a-count,easy; hard; medium,coding-repeat-with-a-count#q6; coding-repeat-with-a-count#q7
coding.repeat-body,content/curriculum/items/code-g2-repeat-body.lumi,restore playback,stage,false,coding-doing-it-again,easy; hard; medium,coding-doing-it-again#q6; coding-doing-it-again#q7
coding.repeat-compare,content/curriculum/items/code-g2-repeat-compare.lumi,static in prototype; no interaction to port,,false,coding-doing-it-again,easy; hard; medium,coding-doing-it-again#q9
coding.repeat-count-flag,content/curriculum/items/code-g2-repeat-count-flag.lumi,restore playback,maze,true,coding-doing-it-again,easy; hard; medium,coding-doing-it-again#q4; coding-doing-it-again#q5
coding.repeat-how-many,content/curriculum/items/code-g3-repeat-how-many.lumi,restore playback,maze,true,coding-repeat-with-a-count,easy; hard; medium,coding-repeat-with-a-count#q4; coding-repeat-with-a-count#q5
coding.repeat-lines,content/curriculum/items/code-repeat-lines.lumi,static in prototype; no interaction to port,,false,coding-repeat-with-a-count,easy; hard; medium,coding-repeat-with-a-count#q8
coding.repeat-staircase,content/curriculum/items/code-repeat-staircase.lumi,restore playback,turtle,true,coding-repeat-with-a-count,easy; hard; medium,coding-repeat-with-a-count#q2; coding-repeat-with-a-count#q3
coding.repeat-then,content/curriculum/items/code-g2-repeat-then.lumi,restore playback,stage,false,coding-doing-it-again,easy; hard; medium,coding-doing-it-again#q2; coding-doing-it-again#q3
coding.repeat-total,content/curriculum/items/code-repeat-total.lumi,static in prototype; no interaction to port,,false,coding-doing-it-again,easy; hard; medium,coding-doing-it-again#q1
coding.robot-across,content/curriculum/items/code-robot-across.lumi,restore playback,maze,true,coding-following-instructions,easy; medium,coding-following-instructions#q3; coding-following-instructions#q4
coding.robot-back,content/curriculum/items/code-robot-back.lumi,restore playback,maze,true,coding-following-instructions,hard; medium,coding-following-instructions#q8
coding.robot-stops-short,content/curriculum/items/code-g2-robot-stops-short.lumi,restore playback,maze,true,coding-finding-the-mistake,easy; hard; medium,coding-finding-the-mistake#q4; coding-finding-the-mistake#q5
coding.row-red-count,content/curriculum/items/code-g3-row-red-count.lumi,restore playback,pixels,false,coding-a-picture-with-a-repeat,easy; hard; medium,coding-a-picture-with-a-repeat#q1
coding.same-flashes-wrong-order,content/curriculum/items/code-same-flashes-wrong-order.lumi,static in prototype; no interaction to port,,false,coding-a-message-in-flashes,easy; hard; medium,coding-a-message-in-flashes#q9
coding.shape-perimeter,content/curriculum/items/code-shape-perimeter.lumi,restore playback,turtle,true,coding-square-rectangle-staircase,easy; hard; medium,coding-square-rectangle-staircase#q2; coding-square-rectangle-staircase#q3
coding.shorter-program,content/curriculum/items/code-g1-shorter-program.lumi,extend existing build UI,maze,false,coding-one-card-is-wrong,easy; hard; medium,coding-one-card-is-wrong#q10
coding.side-from-drawing,content/curriculum/items/code-g2-side-from-drawing.lumi,restore playback,turtle,true,coding-drawing-with-a-program,easy; hard; medium,coding-drawing-with-a-program#q4; coding-drawing-with-a-program#q5
coding.snack-after-step,content/curriculum/items/code-snack-after-step.lumi,static in prototype; no interaction to port,,false,coding-instructions-for-a-snack,easy; hard; medium,coding-instructions-for-a-snack#q3
coding.snack-exact,content/curriculum/items/code-snack-exact.lumi,static in prototype; no interaction to port,,false,coding-instructions-for-a-snack,easy; hard; medium,coding-instructions-for-a-snack#q6; coding-instructions-for-a-snack#q7
coding.snack-fewest-lines,content/curriculum/items/code-snack-fewest-lines.lumi,static in prototype; no interaction to port,,false,coding-instructions-for-a-snack,easy; hard; medium,coding-instructions-for-a-snack#q10
coding.snack-first-step,content/curriculum/items/code-snack-first-step.lumi,static in prototype; no interaction to port,,false,coding-instructions-for-a-snack,easy; hard; medium,coding-instructions-for-a-snack#q1
coding.snack-missing,content/curriculum/items/code-snack-missing.lumi,static in prototype; no interaction to port,,false,coding-instructions-for-a-snack,easy; hard; medium,coding-instructions-for-a-snack#q4; coding-instructions-for-a-snack#q5
coding.snack-order,content/curriculum/items/code-snack-order.lumi,static in prototype; no interaction to port,,false,coding-instructions-for-a-snack,easy; hard; medium,coding-instructions-for-a-snack#q2
coding.snack-wrong-order,content/curriculum/items/code-snack-wrong-order.lumi,static in prototype; no interaction to port,,false,coding-instructions-for-a-snack,easy; hard; medium,coding-instructions-for-a-snack#q9
coding.sort-pass,content/curriculum/items/code-sort-pass.lumi,restore hands-on controls,sortcards,false,coding-sorting-cards,easy; hard; medium,coding-sorting-cards#q2; coding-sorting-cards#q3
coding.sort-swaps,content/curriculum/items/code-sort-swaps.lumi,restore hands-on controls,sortcards,false,coding-sorting-cards,easy; hard; medium,coding-sorting-cards#q4
coding.split-picture,content/curriculum/items/code-g4-split-picture.lumi,extend existing build UI,turtle,false,coding-writing-for-someone-else,easy; hard; medium,coding-writing-for-someone-else#q10
coding.stage-after,content/curriculum/items/code-g1-stage-after.lumi,restore playback,stage,false,coding-one-step-at-a-time,easy; hard; medium,coding-one-step-at-a-time#q6; coding-one-step-at-a-time#q7
coding.stage-back-home,content/curriculum/items/code-g2-stage-back-home.lumi,restore playback,stage,false,coding-two-ways-to-start,easy; hard; medium,coding-two-ways-to-start#q9
coding.stage-chain,content/curriculum/items/code-g2-stage-chain.lumi,restore playback,stage,false,coding-two-ways-to-start,easy; hard; medium,coding-two-ways-to-start#q7; coding-two-ways-to-start#q8
coding.stage-crab-left,content/curriculum/items/code-g1-stage-crab-left.lumi,restore playback,stage,false,coding-when-the-flag-is-tapped,easy; hard; medium,coding-when-the-flag-is-tapped#q5; coding-when-the-flag-is-tapped#q6
coding.stage-events,content/curriculum/items/code-stage-events.lumi,restore playback,stage,false,coding-two-ways-to-start,easy; hard; medium,coding-two-ways-to-start#q1; coding-two-ways-to-start#q2
coding.stage-fewest-blocks,content/curriculum/items/code-g1-stage-fewest-blocks.lumi,static in prototype; no interaction to port,,false,coding-when-the-flag-is-tapped,easy; hard; medium,coding-when-the-flag-is-tapped#q10
coding.stage-fewest-presses,content/curriculum/items/code-g2-stage-fewest-presses.lumi,restore playback,stage,false,coding-two-ways-to-start,easy; hard; medium,coding-two-ways-to-start#q10
coding.stage-flag-twice,content/curriculum/items/code-g1-stage-flag-twice.lumi,restore playback,stage,false,coding-when-the-flag-is-tapped,easy; hard; medium,coding-when-the-flag-is-tapped#q9
coding.stage-hops,content/curriculum/items/code-g3-stage-hops.lumi,restore playback,stage,false,coding-repeat-with-a-count,easy; hard; medium,coding-repeat-with-a-count#q1
coding.stage-nothing-yet,content/curriculum/items/code-g1-stage-nothing-yet.lumi,restore playback,stage,false,coding-when-the-flag-is-tapped,easy; hard; medium,coding-when-the-flag-is-tapped#q3; coding-when-the-flag-is-tapped#q4
coding.stage-said,content/curriculum/items/code-g2-stage-said.lumi,restore playback,stage,false,coding-two-ways-to-start,easy; hard; medium,coding-two-ways-to-start#q3; coding-two-ways-to-start#q4
coding.stage-start-square,content/curriculum/items/code-g1-stage-start-square.lumi,restore playback,stage,false,coding-when-the-flag-is-tapped,easy; hard; medium,coding-when-the-flag-is-tapped#q7; coding-when-the-flag-is-tapped#q8
coding.stage-tap-twice,content/curriculum/items/code-g2-stage-tap-twice.lumi,restore playback,stage,false,coding-two-ways-to-start,easy; hard; medium,coding-two-ways-to-start#q5; coding-two-ways-to-start#q6
coding.stage-where,content/curriculum/items/code-stage-where.lumi,restore playback,stage,false,coding-when-the-flag-is-tapped,easy; hard; medium,coding-when-the-flag-is-tapped#q1; coding-when-the-flag-is-tapped#q2
coding.staircase-far,content/curriculum/items/code-g1-staircase-far.lumi,restore playback,turtle,true,coding-one-step-at-a-time,easy; hard; medium,coding-one-step-at-a-time#q10
coding.stairs-and-top,content/curriculum/items/code-g3-stairs-and-top.lumi,extend existing build UI,turtle,false,coding-repeat-with-a-count,easy; hard; medium,coding-repeat-with-a-count#q10
coding.steps-repeat,content/curriculum/items/code-g2-steps-repeat.lumi,restore playback,turtle,true,coding-finding-the-mistake,easy; hard; medium,coding-finding-the-mistake#q7; coding-finding-the-mistake#q8
coding.swap-or-not,content/curriculum/items/code-g3-swap-or-not.lumi,restore hands-on controls,sortcards,false,coding-sorting-cards,easy; hard; medium,coding-sorting-cards#q1
coding.table-rows,content/curriculum/items/code-g3-table-rows.lumi,static in prototype; no interaction to port,,false,coding-reading-someone-elses,easy; hard; medium,coding-reading-someone-elses#q6; coding-reading-someone-elses#q7
coding.three-line-route,content/curriculum/items/code-g3-three-line-route.lumi,extend existing build UI,maze,false,coding-reading-someone-elses,easy; hard; medium,coding-reading-someone-elses#q10
coding.three-ways,content/curriculum/items/code-g3-three-ways.lumi,static in prototype; no interaction to port,,false,coding-a-program-that-decides,easy; hard; medium,coding-a-program-that-decides#q4; coding-a-program-that-decides#q6
coding.total-swaps,content/curriculum/items/code-g3-total-swaps.lumi,restore hands-on controls,sortcards,false,coding-sorting-cards,easy; hard; medium,coding-sorting-cards#q7; coding-sorting-cards#q8
coding.trace-double,content/curriculum/items/code-g4-trace-double.lumi,restore playback,tracetable,false,coding-trace-it-in-a-table,easy; hard; medium,coding-trace-it-in-a-table#q4; coding-trace-it-in-a-table#q5
coding.trace-fill,content/curriculum/items/code-trace-fill.lumi,restore playback,tracetable,false,coding-reading-someone-elses,easy; hard; medium,coding-reading-someone-elses#q4
coding.trace-first-step,content/curriculum/items/code-g3-trace-first-step.lumi,restore playback,tracetable,false,coding-reading-someone-elses,easy; hard; medium,coding-reading-someone-elses#q1
coding.trace-mistake,content/curriculum/items/code-g4-trace-mistake.lumi,static in prototype; no interaction to port,,false,coding-trace-it-in-a-table,easy; hard; medium,coding-trace-it-in-a-table#q9
coding.trace-pairs,content/curriculum/items/code-g4-trace-pairs.lumi,static in prototype; no interaction to port,,false,coding-trace-it-in-a-table,easy; hard; medium,coding-trace-it-in-a-table#q10
coding.trace-repeat,content/curriculum/items/code-g3-trace-repeat.lumi,restore playback,tracetable,false,coding-reading-someone-elses,easy; hard; medium,coding-reading-someone-elses#q8
coding.trace-row,content/curriculum/items/code-g4-trace-row.lumi,restore playback,tracetable,false,coding-trace-it-in-a-table,easy; hard; medium,coding-trace-it-in-a-table#q1
coding.trace-start,content/curriculum/items/code-g4-trace-start.lumi,static in prototype; no interaction to port,,false,coding-trace-it-in-a-table,easy; hard; medium,coding-trace-it-in-a-table#q6
coding.trace-two,content/curriculum/items/code-g4-trace-two.lumi,static in prototype; no interaction to port,,false,coding-trace-it-in-a-table,easy; hard; medium,coding-trace-it-in-a-table#q7
coding.trace-until,content/curriculum/items/code-g4-trace-until.lumi,static in prototype; no interaction to port,,false,coding-trace-it-in-a-table,easy; hard; medium,coding-trace-it-in-a-table#q8
coding.trace-value,content/curriculum/items/code-trace-value.lumi,restore playback,tracetable,false,coding-trace-it-in-a-table,easy; hard; medium,coding-trace-it-in-a-table#q2; coding-trace-it-in-a-table#q3
coding.tune-after-repeat,content/curriculum/items/code-g2-tune-after-repeat.lumi,static in prototype; no interaction to port,,false,coding-a-tune-from-a-program,easy; hard; medium,coding-a-tune-from-a-program#q3; coding-a-tune-from-a-program#q4
coding.tune-compare,content/curriculum/items/code-g2-tune-compare.lumi,static in prototype; no interaction to port,,false,coding-a-tune-from-a-program,easy; hard; medium,coding-a-tune-from-a-program#q9
coding.tune-count,content/curriculum/items/code-tune-count.lumi,restore playback,tune,false,coding-a-tune-from-a-program,easy; hard; medium,coding-a-tune-from-a-program#q1
coding.tune-note-count,content/curriculum/items/code-g2-tune-note-count.lumi,static in prototype; no interaction to port,,false,coding-a-tune-from-a-program,easy; hard; medium,coding-a-tune-from-a-program#q7; coding-a-tune-from-a-program#q8
coding.tune-repeat-for,content/curriculum/items/code-g2-tune-repeat-for.lumi,static in prototype; no interaction to port,,false,coding-a-tune-from-a-program,easy; hard; medium,coding-a-tune-from-a-program#q5; coding-a-tune-from-a-program#q6
coding.tune-which,content/curriculum/items/code-tune-which.lumi,restore playback,tune,false,coding-a-tune-from-a-program,easy; hard; medium,coding-a-tune-from-a-program#q2
coding.tune-write,content/curriculum/items/code-g2-tune-write.lumi,static in prototype; no interaction to port,,false,coding-a-tune-from-a-program,easy; hard; medium,coding-a-tune-from-a-program#q10
coding.turn-gap,content/curriculum/items/code-g2-turn-gap.lumi,restore playback,maze,true,coding-turning-as-well,easy; hard; medium,coding-turning-as-well#q1; coding-turning-as-well#q6
coding.turn-start-face,content/curriculum/items/code-g2-turn-start-face.lumi,restore playback,maze,true,coding-turning-as-well,easy; hard; medium,coding-turning-as-well#q9
coding.turn-where,content/curriculum/items/code-g2-turn-where.lumi,restore playback,maze,true,coding-turning-as-well,easy; hard; medium,coding-turning-as-well#q2; coding-turning-as-well#q3; coding-turning-as-well#q4
coding.turning,content/curriculum/items/code-turning.lumi,restore playback,maze,true,coding-turning-as-well,easy; hard; medium,coding-turning-as-well#q5
coding.turns-hidden,content/curriculum/items/code-g3-turns-hidden.lumi,restore playback,maze,true,coding-feeling-for-walls,easy; hard; medium,coding-feeling-for-walls#q6
coding.turtle-ends,content/curriculum/items/code-g2-turtle-ends.lumi,restore playback,turtle,true,coding-drawing-with-a-program,easy; hard; medium,coding-drawing-with-a-program#q6; coding-drawing-with-a-program#q7
coding.turtle-face,content/curriculum/items/code-g2-turtle-face.lumi,restore playback,turtle,true,coding-turning-as-well,easy; hard; medium,coding-turning-as-well#q7
coding.turtle-length,content/curriculum/items/code-g2-turtle-length.lumi,restore playback,turtle,true,coding-drawing-with-a-program,easy; hard; medium,coding-drawing-with-a-program#q2; coding-drawing-with-a-program#q3
coding.turtle-wrong-card,content/curriculum/items/code-g1-turtle-wrong-card.lumi,restore playback,turtle,true,coding-one-card-is-wrong,easy; hard; medium,coding-one-card-is-wrong#q5; coding-one-card-is-wrong#q6
coding.two-messages,content/curriculum/items/code-two-messages.lumi,static in prototype; no interaction to port,,false,coding-a-message-in-flashes,easy; hard; medium,coding-a-message-in-flashes#q8
coding.two-names,content/curriculum/items/code-g4-two-names.lumi,static in prototype; no interaction to port,,false,coding-a-number-that-changes,easy; hard; medium,coding-a-number-that-changes#q7; coding-a-number-that-changes#q8
coding.two-repeats,content/curriculum/items/code-g3-two-repeats.lumi,static in prototype; no interaction to port,,false,coding-repeat-with-a-count,easy; hard; medium,coding-repeat-with-a-count#q9
coding.two-writers,content/curriculum/items/code-g4-two-writers.lumi,static in prototype; no interaction to port,,false,coding-writing-for-someone-else,easy; hard; medium,coding-writing-for-someone-else#q9
coding.until-four,content/curriculum/items/code-g4-until-four.lumi,extend existing build UI,maze,false,coding-keep-going-until,easy; hard; medium,coding-keep-going-until#q10
coding.until-moves,content/curriculum/items/code-until-moves.lumi,restore playback,maze,true,coding-keep-going-until,easy; hard; medium,coding-keep-going-until#q1; coding-keep-going-until#q2
coding.until-number,content/curriculum/items/code-g4-until-number.lumi,static in prototype; no interaction to port,,false,coding-keep-going-until,easy; hard; medium,coding-keep-going-until#q4; coding-keep-going-until#q6
coding.until-turns,content/curriculum/items/code-g4-until-turns.lumi,restore playback,maze,true,coding-keep-going-until,easy; hard; medium,coding-keep-going-until#q7
coding.until-wall,content/curriculum/items/code-g4-until-wall.lumi,restore playback,maze,true,coding-keep-going-until,easy; hard; medium,coding-keep-going-until#q3; coding-keep-going-until#q5
coding.until-which-maze,content/curriculum/items/code-g4-until-which-maze.lumi,static in prototype; no interaction to port,,false,coding-keep-going-until,easy; hard; medium,coding-keep-going-until#q9
coding.variable,content/curriculum/items/code-variable.lumi,restore playback,variable,false,coding-a-number-that-changes,easy; hard; medium,coding-a-number-that-changes#q1
coding.variable-missing,content/curriculum/items/code-g4-variable-missing.lumi,static in prototype; no interaction to port,,false,coding-a-number-that-changes,easy; hard; medium,coding-a-number-that-changes#q3; coding-a-number-that-changes#q4
coding.variable-order,content/curriculum/items/code-g4-variable-order.lumi,static in prototype; no interaction to port,,false,coding-a-number-that-changes,easy; hard; medium,coding-a-number-that-changes#q9
coding.variable-reach,content/curriculum/items/code-g4-variable-reach.lumi,extend existing build UI,maze,false,coding-a-number-that-changes,easy; hard; medium,coding-a-number-that-changes#q10
coding.variable-start,content/curriculum/items/code-g4-variable-start.lumi,static in prototype; no interaction to port,,false,coding-a-number-that-changes,easy; hard; medium,coding-a-number-that-changes#q5; coding-a-number-that-changes#q6
coding.variable-trace,content/curriculum/items/code-variable-trace.lumi,restore playback,variable,false,coding-a-number-that-changes,easy; hard; medium,coding-a-number-that-changes#q2
coding.wall-ahead-now,content/curriculum/items/code-g3-wall-ahead-now.lumi,restore playback,maze,true,coding-feeling-for-walls,easy; hard; medium,coding-feeling-for-walls#q1; coding-feeling-for-walls#q2
coding.wall-follow,content/curriculum/items/code-wall-follow.lumi,restore playback,maze,true,coding-feeling-for-walls,easy; hard; medium,coding-feeling-for-walls#q3; coding-feeling-for-walls#q4
coding.wall-turn-left,content/curriculum/items/code-g3-wall-turn-left.lumi,restore playback,maze,true,coding-feeling-for-walls,easy; hard; medium,coding-feeling-for-walls#q7; coding-feeling-for-walls#q8
coding.where-did-it-start,content/curriculum/items/code-g3-where-did-it-start.lumi,restore playback,maze,true,coding-reading-someone-elses,easy; hard; medium,coding-reading-someone-elses#q5
coding.which-block-ran,content/curriculum/items/code-g1-which-block-ran.lumi,restore playback,maze,true,coding-one-step-at-a-time,easy; hard; medium,coding-one-step-at-a-time#q4; coding-one-step-at-a-time#q5
coding.which-card,content/curriculum/items/code-which-card.lumi,restore playback,maze,true,coding-one-card-is-wrong,easy; hard; medium,coding-one-card-is-wrong#q3; coding-one-card-is-wrong#q4
coding.which-closes,content/curriculum/items/code-g2-which-closes.lumi,static in prototype; no interaction to port,,false,coding-drawing-with-a-program,easy; hard; medium,coding-drawing-with-a-program#q9
coding.which-input-breaks,content/curriculum/items/code-g3-which-input-breaks.lumi,static in prototype; no interaction to port,,false,coding-a-program-that-decides,easy; hard; medium,coding-a-program-that-decides#q9
coding.which-program-gem,content/curriculum/items/code-g1-which-program-gem.lumi,static in prototype; no interaction to port,,false,coding-arrows-to-the-gem,easy; hard; medium,coding-arrows-to-the-gem#q5; coding-arrows-to-the-gem#q6
coding.which-program-says,content/curriculum/items/code-which-program-says.lumi,static in prototype; no interaction to port,,false,coding-a-message-in-flashes,easy; hard; medium,coding-a-message-in-flashes#q4; coding-a-message-in-flashes#q5
coding.which-shape,content/curriculum/items/code-g3-which-shape.lumi,restore playback,turtle,true,coding-square-rectangle-staircase,easy; hard; medium,coding-square-rectangle-staircase#q1
coding.which-swap,content/curriculum/items/code-g1-which-swap.lumi,restore playback,maze,true,coding-saying-it-in-order,easy; hard; medium,coding-saying-it-in-order#q9
coding.who-fewer-lifts,content/curriculum/items/code-g3-who-fewer-lifts.lumi,restore hands-on controls,cups,false,coding-fewest-lifts,easy; hard; medium,coding-fewest-lifts#q9
coding.write-for-someone,content/curriculum/items/code-write-for-someone.lumi,restore playback,turtle,true,coding-writing-for-someone-else,easy; hard; medium,coding-writing-for-someone-else#q7
coding.write-rectangle,content/curriculum/items/code-g4-write-rectangle.lumi,extend existing build UI,turtle,false,coding-writing-for-someone-else,easy; hard; medium,coding-writing-for-someone-else#q3; coding-writing-for-someone-else#q4
coding.wrong-line-corridor,content/curriculum/items/code-g3-wrong-line-corridor.lumi,restore playback,maze,true,coding-reading-someone-elses,easy; hard; medium,coding-reading-someone-elses#q9
logic.always-sometimes,content/curriculum/items/logic-always-sometimes.lumi,static in prototype; no interaction to port,,false,thinking-in-words,easy; hard; medium,thinking-in-words#q1; thinking-in-words#q2; thinking-in-words#q3
logic.counterexample,content/curriculum/items/logic-counterexample.lumi,static in prototype; no interaction to port,,false,thinking-in-words,easy; hard; medium,thinking-in-words#q4; thinking-in-words#q5
logic.grid-clues,content/curriculum/items/logic-grid-clues.lumi,static in prototype; no interaction to port,,false,thinking-in-words,easy; hard; medium,thinking-in-words#q9
logic.grid-forced,content/curriculum/items/logic-grid-forced.lumi,static in prototype; no interaction to port,,false,thinking-in-words,easy; medium,thinking-in-words#q8
logic.line-up,content/curriculum/items/logic-line-up.lumi,static in prototype; no interaction to port,,false,thinking-in-words,easy; hard; medium,thinking-in-words#q10
logic.venn-where,content/curriculum/items/logic-venn-where.lumi,static in prototype; no interaction to port,,false,thinking-in-words,easy; hard; medium,thinking-in-words#q6; thinking-in-words#q7
writing.cards-to-flag,content/curriculum/items/write-g4-cards-to-flag.lumi,extend existing build UI,maze,false,writing-directions-on-a-treasure-map,easy; hard; medium,writing-directions-on-a-treasure-map#q8
